<?xml version="1.0" encoding="UTF-8" ?>
<extension type="package" version="1.6">
<name>Janrain Engage</name>
<author>Jeremy Bradbury</author>
<creationDate>June 2012</creationDate>
<packagename>janrain-engage</packagename>
<version>1.0.0</version>
<url>http://www.yoururl.com/</url>
<packager>Jeremy Bradbury</packager>
<packagerurl>http://developers.janrain.com</packagerurl>
<description><![CDATA[An extension for Janrain Engage social registration, authentication & sharing service.]]></description>
<files folder="packages">
    <file type="plugin" id="janrain-engage" group="content">engage.zip</file>
    <file type="plugin" id="janrain-engage" group="user">register.zip</file>
</files>
</extension>
